field,[2021],[2020],[2019],[2018],[2017],[2016],[2015],[2014],[2013],[2012],[2011],[2010],[2009],[2008],[2007],[2006],[2005],[2003],[2002],[2001],[2004]
. Doanh thu bán hàng và cung cấp dịch vụ__1,,202641474007.0,201242284159.0,197172925906.0,304214968201.0,,,,,,,,,,,,,,,,
. Các khoản giảm trừ doanh thu__1,,740100000.0,533525024.0,7560062000.0,737908082.0,,,,,,,,,,,,,,,,
. Doanh thu thuần về bán hàng và cung cấp dịch vụ__1,,201901374007.0,200708759135.0,189612863906.0,303477060119.0,,,,,,,,,,,,,,,,
. Giá vốn hàng bán__1,,182718649595.0,191472065716.0,169818516096.0,286179428738.0,,,,,,,,,,,,,,,,
. Lợi nhuận gộp về bán hàng và cung cấp dịch vụ__1,,19182724412.0,9236693419.0,19794347810.0,17297631381.0,,,,,,,,,,,,,,,,
. Doanh thu hoạt động tài chính__1,,912234741.0,439412186.0,721239496.0,743768361.0,,,,,,,,,,,,,,,,
. Chi phí tài chính__1,,2220445981.0,1976927319.0,2312176409.0,1737736483.0,,,,,,,,,,,,,,,,
- Trong đó: Chi phí lãi vay__1,,1530254026.0,1716747805.0,1260313867.0,1625275930.0,,,,,,,,,,,,,,,,
. Chi phí bán hàng__1,,1989000447.0,2315648527.0,2575359776.0,2681865680.0,,,,,,,,,,,,,,,,
. Chi phí quản lý doanh nghiệp__1,,14908522611.0,12921066548.0,14418073166.0,15710513401.0,,,,,,,,,,,,,,,,
. Lợi nhuận thuần từ hoạt động kinh doanh__1,,976990114.0,-7537536789.0,1209977955.0,-2088715822.0,,,,,,,,,,,,,,,,
. Thu nhập khác__1,,238130758.0,1693064684.0,1573483448.0,374129585.0,,,,,,,,,,,,,,,,
. Chi phí khác__1,,705749290.0,845307995.0,771991866.0,366056269.0,,,,,,,,,,,,,,,,
. Lợi nhuận khác__1,,-467618532.0,847756689.0,801491582.0,8073316.0,,,,,,,,,,,,,,,,
. Phần lãi (lỗ thuần) trong công ty liên doanh/liên kết__1,,,,,,,,,,,,,,,,,,,,,
. Tổng lợi nhuận kế toán trước thuế__1,,509371582.0,-6689780100.0,2011469537.0,-2080642506.0,,,,,,,,,,,,,,,,
. Chi phí thuế TNDN hiện hành__1,,125086674.0,39376600.0,545735506.0,279418867.0,,,,,,,,,,,,,,,,
. Chi phí thuế TNDN hoãn lại__1,,,,,,,,,,,,,,,,,,,,,
. Lợi nhuận sau thuế thu nhập doanh nghiệp__1,,384284908.0,-6729156700.0,1465734031.0,-2360061373.0,,,,,,,,,,,,,,,,
. Lợi ích của cổ đông thiểu số__1,,,,,,,,,,,,,,,,,,,,,
. Lợi nhuận sau thuế của công ty mẹ__1,,384284908.0,-6729156700.0,1465734031.0,-2360061373.0,,,,,,,,,,,,,,,,
. Lãi cơ bản trên cổ phiếu__1,,249.0,-4357.0,949.0,-1528.0,,,,,,,,,,,,,,,,
. Cổ tức__1,,,,,,,,,,,,,,,,,,,,,
. Lãi suy giảm trên cổ phiếu__1,,,,,-1528.0,,,,,,,,,,,,,,,,
". Phần lãi lỗ hoặc lỗ trong công ty liên doanh, liên kết__1",,,,,,,,,,,,,,,,,,,,,
I - TÀI SẢN NGẮN HẠN__1,,48855073281.0,56182439892.0,57808681873.0,58766190665.0,,,,,,,,,,,,,,,,
. Tiền và các khoản tương đương tiền__1,,14449887521.0,4274676048.0,1141306593.0,7362877211.0,,,,,,,,,,,,,,,,
..Tiền__1,,14449887521.0,4274676048.0,1141306593.0,7362877211.0,,,,,,,,,,,,,,,,
..Các khoản tương đương tiền__1,,,,,,,,,,,,,,,,,,,,,
. Các khoản đầu tư tài chính ngắn hạn__1,,,,,,,,,,,,,,,,,,,,,
.. Đầu tư ngắn hạn__1,,,,,,,,,,,,,,,,,,,,,
.. Dự phòng giảm giá đầu tư ngắn hạn__1,,,,,,,,,,,,,,,,,,,,,
. Các khoản phải thu ngắn hạn__1,,3914902047.0,14613775016.0,17754677156.0,25695368012.0,,,,,,,,,,,,,,,,
..Phải thu khách hàng__1,,3652248129.0,14931472853.0,17831132315.0,19606458894.0,,,,,,,,,,,,,,,,
..Trả trước cho người bán__1,,151312091.0,184372297.0,70985820.0,459954101.0,,,,,,,,,,,,,,,,
.. Phải thu nội bộ ngắn hạn__1,,,,,,,,,,,,,,,,,,,,,
.. Phải thu theo tiến độ Kế hoạch hợp đồng xây dựng__1,,,,,,,,,,,,,,,,,,,,,
.. Các khoản phải thu khác__1,,605341827.0,1224853709.0,1085482864.0,6861878860.0,,,,,,,,,,,,,,,,
.. Dự phòng phải thu ngắn hạn khó đòi__1,,-494000000.0,-1726923843.0,-1232923843.0,-1232923843.0,,,,,,,,,,,,,,,,
. Hàng tồn kho__1,,22331457201.0,30812745417.0,31974360943.0,24656559467.0,,,,,,,,,,,,,,,,
.. Hàng tồn kho__1,,23147175446.0,33284881513.0,34426970128.0,27838338457.0,,,,,,,,,,,,,,,,
.. Dự phòng giảm giá hàng tồn kho__1,,-815718245.0,-2472136096.0,-2452609185.0,-3181778990.0,,,,,,,,,,,,,,,,
. Tài sản ngắn hạn khác__1,,8158826512.0,6481243411.0,6938337181.0,1051385975.0,,,,,,,,,,,,,,,,
.. Chi phí trả trước ngắn hạn__1,,240246027.0,369750563.0,317158648.0,151274104.0,,,,,,,,,,,,,,,,
.. Thuế GTGT được khấu trừ__1,,4846541811.0,2914367500.0,3384676585.0,695689514.0,,,,,,,,,,,,,,,,
.. Thuế và các khoản khác phải thu Nhà nước__1,,3072038674.0,3197125348.0,3236501948.0,204422357.0,,,,,,,,,,,,,,,,
.. Tài sản ngắn hạn khác__1,,,,,,,,,,,,,,,,,,,,,
.. Giao dịch mua bán lại trái phiếu chính phủ__1,,,,,,,,,,,,,,,,,,,,,
II - TÀI SẢN DÀI HẠN__1,,19498143396.0,21253051840.0,19631217405.0,20353319609.0,,,,,,,,,,,,,,,,
. Các khoản phải thu dài hạn__1,,,,,,,,,,,,,,,,,,,,,
.. Phải thu dài hạn của khách hàng__1,,,,,,,,,,,,,,,,,,,,,
.. Vốn kinh doanh ở đơn vị trực thuộc__1,,,,,,,,,,,,,,,,,,,,,
.. Phải thu dài hạn nội bộ__1,,,,,,,,,,,,,,,,,,,,,
.. Phải thu dài hạn khác__1,,,,,,,,,,,,,,,,,,,,,
.. Dự phòng phải thu khó đòi__1,,,,,,,,,,,,,,,,,,,,,
. Tài sản cố định__1,,13002934581.0,14469846242.0,13116017378.0,15276286228.0,,,,,,,,,,,,,,,,
.. Tài sản cố định hữu hình__1,,12892130706.0,14469846242.0,13116017378.0,15276286228.0,,,,,,,,,,,,,,,,
- Nguyên giá__1,,44754491057.0,42880450921.0,40366811993.0,41296900973.0,,,,,,,,,,,,,,,,
- Giá trị hao mòn luỹ kế__1,,-31862360351.0,-28410604679.0,-27250794615.0,-26020614745.0,,,,,,,,,,,,,,,,
.. Tài sản cố định thuê tài chính__1,,,,,,,,,,,,,,,,,,,,,
- Nguyên giá__2,,,,,,,,,,,,,,,,,,,,,
- Giá trị hao mòn luỹ kế__2,,,,,,,,,,,,,,,,,,,,,
.. Tài sản cố định vô hình__1,,110803875.0,,,,,,,,,,,,,,,,,,,
- Nguyên giá__3,,111735000.0,,,,,,,,,,,,,,,,,,,
- Giá trị hao mòn luỹ kế__3,,-931125.0,,,,,,,,,,,,,,,,,,,
.. Chi phí xây dựng cơ bản dở dang__1,,,,,,,,,,,,,,,,,,,,,
. Lợi thế thương mại__1,,,,,,,,,,,,,,,,,,,,,
. Bất động sản đầu tư__1,,,,,,,,,,,,,,,,,,,,,
- Nguyên giá__4,,,,,,,,,,,,,,,,,,,,,
- Giá trị hao mòn luỹ kế__4,,,,,,,,,,,,,,,,,,,,,
. Các khoản đầu tư tài chính dài hạn__1,,,,,,,,,,,,,,,,,,,,,
. Đầu tư vào công ty con__1,,,,,,,,,,,,,,,,,,,,,
". Đầu tư vào công ty liên kết, liên doanh__1",,,,,,,,,,,,,,,,,,,,,
. Đầu tư dài hạn khác__1,,,,,,,,,,,,,,,,,,,,,
. Dự phòng giảm giá đầu tư dài hạn__1,,,,,,,,,,,,,,,,,,,,,
. Tài sản dài hạn khác__1,,2295208815.0,2583205598.0,1786184380.0,392111230.0,,,,,,,,,,,,,,,,
. Chi phí trả trước dài hạn__1,,2295208815.0,2583205598.0,1786184380.0,392111230.0,,,,,,,,,,,,,,,,
". Ký quỹ, ký cược dài hạn__1",,,,,,,,,,,,,,,,,,,,,
. Tài sản thuế thu nhập hoãn lại__1,,,,,,,,,,,,,,,,,,,,,
. Tài sản dài hạn khác__2,,,,,,,,,,,,,,,,,,,,,
Tổng cộng tài sản__1,,68353216677.0,77435491732.0,77439899278.0,79119510274.0,,,,,,,,,,,,,,,,
I - NỢ PHẢI TRẢ__1,,59728093755.0,69194653718.0,62469904564.0,81597097276.0,,,,,,,,,,,,,,,,
. Nợ ngắn hạn__1,,59728093755.0,69194653718.0,62469904564.0,81597097276.0,,,,,,,,,,,,,,,,
.. Vay và nợ ngắn hạn__1,,,,,,,,,,,,,,,,,,,,,
.. Phải trả người bán__1,,,,,,,,,,,,,,,,,,,,,
.. Người mua trả tiền trước__1,,,,,,,,,,,,,,,,,,,,,
..Thuế và các khoản phải nộp Nhà nước__1,,8974762.0,2932896.0,13169010.0,8970647.0,,,,,,,,,,,,,,,,
.. Phải trả người lao động__1,,6835347014.0,3941832777.0,13391351198.0,9142110840.0,,,,,,,,,,,,,,,,
.. Chi phí phải trả__1,,,,,,,,,,,,,,,,,,,,,
.. Phải trả nội bộ__1,,,,,,,,,,,,,,,,,,,,,
.. Phải trả theo tiến độ kế hoạch hợp đồng xây dựng__1,,,,,,,,,,,,,,,,,,,,,
".. Các khoản phải trả, phải nộp ngắn hạn khác__1",,,,,,,,,,,,,,,,,,,,,
.. Dự phòng phải trả ngắn hạn__1,,,,,,,,,,,,,,,,,,,,,
.. Quỹ khen thưởng phúc lợi__1,,,,,,,,,,,,,,,,,,,,,
.. Giao dịch mua bán lại trái phiếu chính phủ__2,,,,,,,,,,,,,,,,,,,,,
.. Doanh thu chưa thực hiện__1,,,,,,,,,,,,,,,,,,,,,
. Quỹ thưởng ban quản lý điều hành công ty__1,,,,,,,,,,,,,,,,,,,,,
. Nợ dài hạn__1,,,,,,,,,,,,,,,,,,,,,
.. Phải trả dài hạn người bán__1,,,,,,,,,,,,,,,,,,,,,
.. Phải trả dài hạn nội bộ__1,,,,,,,,,,,,,,,,,,,,,
.. Phải trả dài hạn khác__1,,,,,,,,,,,,,,,,,,,,,
.. Vay và nợ dài hạn__1,,,,,,,,,,,,,,,,,,,,,
.. Thuế thu nhập hoãn lại phải trả__1,,,,,,,,,,,,,,,,,,,,,
.. Dự phòng trợ cấp mất việc làm__1,,,,,,,,,,,,,,,,,,,,,
.. Dự phòng phải trả dài hạn__1,,,,,,,,,,,,,,,,,,,,,
.. Doanh thu chưa thực hiện__2,,,,,,,,,,,,,,,,,,,,,
.. Quỹ phát triển khoa học công nghệ__1,,,,,,,,,,,,,,,,,,,,,
II - VỐN CHỦ SỞ HỮU__1,,8625122922.0,8240838014.0,14969994714.0,-2477587002.0,,,,,,,,,,,,,,,,
. Vốn chủ sở hữu__1,,,,,,,,,,,,,,,,,,,,,
.. Vốn đầu tư của chủ sở hữu__1,,,,,,,,,,,,,,,,,,,,,
.. Thặng dư vốn cổ phần__1,,,,,,,,,,,,,,,,,,,,,
.. Vốn khác của chủ sở hữu__1,,,,,,,,,,,,,,,,,,,,,
.. Cổ phiếu quỹ (*)__1,,,,,,,,,,,,,,,,,,,,,
.. Chênh lệch đánh giá lại tài sản__1,,,,,,,,,,,,,,,,,,,,,
.. Chênh lệch tỷ giá hối đoái__1,,,,,,,,,,,,,,,,,,,,,
.. Quỹ đầu tư phát triển__1,,,,,,,,,,,,,,,,,,,,,
.. Quỹ dự phòng tài chính__1,,,,,,,,,,,,,,,,,,,,,
.. Quỹ khác thuộc vốn chủ sở hữu__1,,,,,,,,,,,,,,,,,,,,,
.. Lợi nhuận sau thuế chưa phân phối__1,,,,,,,,,,,,,,,,,,,,,
.. Nguồn vốn đầu tư XDCB__1,,,,,,,,,,,,,,,,,,,,,
.. Quỹ hỗ trợ sắp xếp doanh nghiệp__1,,,,,,,,,,,,,,,,,,,,,
.. Quỹ dự trữ vốn điều lệ__1,,,,,,,,,,,,,,,,,,,,,
. Nguồn kinh phí và các quỹ khác__1,,,,,,,,,,,,,,,,,,,,,
.. Quỹ khen thưởng phúc lợi__2,,,,,,,,,,,,,,,,,,,,,
.. Nguồn kinh phí__1,,,,,,,,,,,,,,,,,,,,,
.. Nguồn kinh phí đã hình thành TSCĐ__1,,,,,,,,,,,,,,,,,,,,,
III - LỢI ÍCH CỦA CỔ ĐÔNG THIỂU SỐ__1,,,,,,,,,,,,,,,,,,,,,
Tổng cộng nguồn vốn__1,,68353216677.0,77435491732.0,77439899278.0,79119510274.0,,,,,,,,,,,,,,,,
.. Chứng khoán kinh doanh__1,,,,,,,,,,,,,,,,,,,,,
.. Dự phòng giảm giá chứng khoán kinh doanh__1,,,,,,,,,,,,,,,,,,,,,
.. Đầu tư nắm giữ đến ngày đáo hạn__1,,,,,,,,,,,,,,,,,,,,,
. Phải thu về cho vay ngắn hạn__1,,,,,,,,,,,,,,,,,,,,,
. Tài sản thiếu chờ xử lý__1,,,,,,,,,,,,,,,,,,,,,
. Giao dịch mua bán lại trái phiếu Chính phủ__1,,,,,,,,,,,,,,,,,,,,,
. Trả trước cho người bán dài hạn__1,,,,,,,,,,,,,,,,,,,,,
.. Phải thu nội bộ dài hạn__1,,,,,,,,,,,,,,,,,,,,,
. Phải thu về cho vay dài hạn__1,,,,,,,,,,,,,,,,,,,,,
. Tài sản dở dang dài hạn__1,,4200000000.0,4200000000.0,4729015647.0,4684922151.0,,,,,,,,,,,,,,,,
". Chi phí sản xuất, kinh doanh dở dang dài hạn__1",,4200000000.0,4200000000.0,4729015647.0,,,,,,,,,,,,,,,,,
. Chi phí xây dựng cơ bản dở dang__1,,,,,4684922151.0,,,,,,,,,,,,,,,,
. Đầu tư tài chính dài hạn__1,,,,,,,,,,,,,,,,,,,,,
. Đầu tư góp vốn vào đơn vị khác__1,,,,,,,,,,,,,,,,,,,,,
. Đầu tư nắm giữ đến ngày đáo hạn__1,,,,,,,,,,,,,,,,,,,,,
". Thiết bị, vật tư, phụ tùng thay thế dài hạn__1",,,,,,,,,,,,,,,,,,,,,
.. Phải trả người bán ngắn hạn__1,,8680800794.0,19405351367.0,11728662140.0,20057456548.0,,,,,,,,,,,,,,,,
.. Người mua trả tiền trước ngắn hạn__1,,2100000000.0,2378196373.0,572151113.0,,,,,,,,,,,,,,,,,
.. Chi phí phải trả ngắn hạn__1,,93843063.0,25617521.0,22555756.0,,,,,,,,,,,,,,,,,
.. Phải trả nội bộ ngắn hạn__1,,,,,,,,,,,,,,,,,,,,,
.. Doanh thu chưa thực hiện ngắn hạn__1,,,,,,,,,,,,,,,,,,,,,
.. Phải trả ngắn hạn khác__1,,1198102036.0,737855385.0,1849958568.0,5296910673.0,,,,,,,,,,,,,,,,
.. Vay và nợ thuê tài chính ngắn hạn__1,,40568138966.0,42459980279.0,34649169659.0,45700843728.0,,,,,,,,,,,,,,,,
". Quỹ khen thưởng, phúc lợi__1",,242887120.0,242887120.0,242887120.0,1390804840.0,,,,,,,,,,,,,,,,
.. Quỹ bình ổn giá__1,,,,,,,,,,,,,,,,,,,,,
.. Giao dịch mua bán lại trái phiếu Chính phủ__1,,,,,,,,,,,,,,,,,,,,,
. Người mua trả tiền trước dài hạn__1,,,,,,,,,,,,,,,,,,,,,
. Chi phí phải trả dài hạn__1,,,,,,,,,,,,,,,,,,,,,
. Phải trả nội bộ về vốn kinh doanh__1,,,,,,,,,,,,,,,,,,,,,
. Phải trả dài hạn nội bộ dài hạn__1,,,,,,,,,,,,,,,,,,,,,
. Doanh thu chưa thực hiện dài hạn__1,,,,,,,,,,,,,,,,,,,,,
. Vay và nợ thuê tài chính dài hạn__1,,,,,,,,,,,,,,,,,,,,,
. Trái phiếu chuyển đổi__1,,,,,,,,,,,,,,,,,,,,,
. Thuế thu nhập hoãn lại phải trả__1,,,,,,,,,,,,,,,,,,,,,
.. Quỹ phát triển khoa học và công nghệ__1,,,,,,,,,,,,,,,,,,,,,
I. Vốn chủ sở hữu__1,,8625122922.0,8240838014.0,14969994714.0,-2477587002.0,,,,,,,,,,,,,,,,
. Vốn góp của chủ sở hữu__1,,15443000000.0,15443000000.0,15443000000.0,15443000000.0,,,,,,,,,,,,,,,,
- Cổ phiếu phổ thông có quyền biểu quyết__1,,15443000000.0,15443000000.0,,15443000000.0,,,,,,,,,,,,,,,,
- Cổ phiếu ưu đãi__1,,,,,,,,,,,,,,,,,,,,,
. Cổ phiếu ưu đãi__1,,,,,,,,,,,,,,,,,,,,,
. Thặng dư vốn cổ phần__1,,,,,,,,,,,,,,,,,,,,,
. Quyền chọn chuyển đổi trái phiếu__1,,,,,,,,,,,,,,,,,,,,,
. Vốn khác của chủ sở hữu__1,,,,,,,,,,,,,,,,,,,,,
. Cổ phiếu quỹ (*)__1,,,,,,,,,,,,,,,,,,,,,
. Chênh lệch đánh giá lại tài sản__1,,,,,,,,,,,,,,,,,,,,,
. Chênh lệch tỷ giá hối đoái__1,,,,,,,,,,,,,,,,,,,,,
. Quỹ đầu tư phát triển__1,,335120494.0,335120494.0,335120494.0,3603168852.0,,,,,,,,,,,,,,,,
. Quỹ hỗ trợ sắp xếp doanh nghiệp__1,,,,,,,,,,,,,,,,,,,,,
. Quỹ khác thuộc vốn chủ sở hữu__1,,,,,,,,,,,,,,,,,,,,,
. Lợi nhuận sau thuế chưa phân phối__1,,-7152997572.0,-7537282480.0,-808125780.0,-21523755854.0,,,,,,,,,,,,,,,,
- LNST chưa phân phối lũy kế đến cuối kỳ trước__1,,384284908.0,-6729156700.0,1465734031.0,-2360061373.0,,,,,,,,,,,,,,,,
- LNST chưa phân phối kỳ này__1,,-7537282480.0,-808125780.0,-2273859811.0,-19163694481.0,,,,,,,,,,,,,,,,
. Nguồn vốn đầu tư XDCB__1,,,,,,,,,,,,,,,,,,,,,
. Lợi ích cổ đông không kiểm soát__1,,,,,,,,,,,,,,,,,,,,,
. Phụ trội hợp nhất công ty con__1,,,,,,,,,,,,,,,,,,,,,
I. LƯU CHUYỂN TIỀN TỪ HOẠT ĐỘNG KINH DOANH__1,,,,,,,,,,,,,,,,,,,,,
Lợi nhuận (lỗ) trước thuế__1,,509371582.0,-6689780100.0,2011469537.0,-2080642506.0,,,,,,,,,,,,,,,,
Điều chỉnh cho các khoản:__1,,,,,,,,,,,,,,,,,,,,,
Khấu hao tài sản cố định__1,,3452686797.0,3686877438.0,3544268447.0,3796248423.0,,,,,,,,,,,,,,,,
Các khoản dự phòng__1,,-2889341694.0,513526911.0,-729169805.0,4414702833.0,,,,,,,,,,,,,,,,
"Lãi, lỗ từ đầu tư vào công ty liên kết__1",,,,,,,,,,,,,,,,,,,,,
(Lãi) lỗ chênh lệch tỷ giá hối đoái chưa thực hiện__1,,-42429890.0,49085473.0,-201377265.0,-95823011.0,,,,,,,,,,,,,,,,
(Lãi)/lỗ từ hoạt động đầu tư/thanh lý tài sản cố định__1,,-1419252.0,-215864739.0,-347412524.0,,,,,,,,,,,,,,,,,
Chi phí lãi vay__1,,1530254026.0,1716747805.0,1260313867.0,1625275930.0,,,,,,,,,,,,,,,,
Các khoản giảm trừ khác__1,,,,,,,,,,,,,,,,,,,,,
Thu nhập từ lãi tiền gửi__1,,,,,,,,,,,,,,,,,,,,,
Phân bổ lợi thế thương mại__1,,,,,,,,,,,,,,,,,,,,,
Lãi lỗ thanh lý tài sản cố định__1,,,,,,,,,,,,,,,,,,,,,
Lợi nhuận (lỗ) từ hoạt động kinh doanh trước thay đổi vốn lưu động__1,,2559121569.0,-939407212.0,5538092257.0,7659761669.0,,,,,,,,,,,,,,,,
(Tăng) giảm các khoản phải thu__1,,10116102515.0,3111495560.0,6317362217.0,14523720248.0,,,,,,,,,,,,,,,,
"Tăng, giảm chứng khoán tự doanh__1",,,,,,,,,,,,,,,,,,,,,
(Tăng) giảm hàng tồn kho__1,,10137706067.0,1142088615.0,-6588631671.0,27878523061.0,,,,,,,,,,,,,,,,
"Tăng/(giảm) các khoản phải trả (không bao gồm lãi vay, thuế thu nhập doanh nghiệp phải trả)__1",,-7682795442.0,-1164510824.0,-7997704732.0,-25549143740.0,,,,,,,,,,,,,,,,
(Tăng) giảm chi phí trả trước__1,,417501319.0,-849613133.0,-1559957694.0,857401719.0,,,,,,,,,,,,,,,,
Tiền lãi vay đã trả__1,,-1532028484.0,-1713686040.0,-1237758111.0,-1645775535.0,,,,,,,,,,,,,,,,
Thuế thu nhập doanh nghiệp đã nộp__1,,,,,-827167341.0,,,,,,,,,,,,,,,,
Tiền thu khác từ hoạt động kinh doanh__1,,,,11256114868.0,264903858.0,,,,,,,,,,,,,,,,
Tiền chi khác cho hoạt động kinh doanh__1,,,,,-1377664875.0,,,,,,,,,,,,,,,,
Tăng tài sản ngắn hạn khác__1,,,,,,,,,,,,,,,,,,,,,
Chênh lệch tỷ giá trong giai đoạn đầu tư__1,,,,,,,,,,,,,,,,,,,,,
Lưu chuyển tiền thuần từ hoạt động kinh doanh__1,,14015607544.0,-413633034.0,5727517134.0,21784559064.0,,,,,,,,,,,,,,,,
II. LƯU CHUYỂN TIỀN TỪ HOẠT ĐỘNG ĐẦU TƯ__1,,,,,,,,,,,,,,,,,,,,,
"Tiền chi để mua sắm, xây dựng tài sản cố định__1",,-1985775136.0,-4511690655.0,-1437093496.0,-5442222151.0,,,,,,,,,,,,,,,,
"Tiền thu do thanh lý, nhượng bán TSCĐ và các tài sản dài hạn khác__1",,,208882422.0,353442806.0,,,,,,,,,,,,,,,,,
"Tiền chi cho vay, mua các công cụ nợ của đơn vị khác__1",,,,,,,,,,,,,,,,,,,,,
"Tiền thu hồi cho vay, bán lại công cụ nợ của đơn vị khác__1",,,,,,,,,,,,,,,,,,,,,
Tiền chi đầu tư góp vốn vào đơn vị khác__1,,,,,,,,,,,,,,,,,,,,,
Tiền thu do bán các khoản đầu tư góp vốn vào đơn vị khác__1,,,,,,,,,,,,,,,,,,,,,
"Tiền thu lãi cho vay, cổ tức và lợi nhuận được chia__1",,1435258.0,6982317.0,2970121.0,,,,,,,,,,,,,,,,,
Tiền đầu tư xây dựng nhà xưởng__1,,,,,,,,,,,,,,,,,,,,,
. Tăng lợi ích của cổ đông thiếu số khi hợp nhất công ty con__1,,,,,,,,,,,,,,,,,,,,,
. Loại trừ lợi ích của cổ đông thiểu số khi thanh lý công ty con__1,,,,,,,,,,,,,,,,,,,,,
. Tiền mặt tại công ty con mua trong năm__1,,,,,,,,,,,,,,,,,,,,,
. Tiền thu do nhượng bán các khoản đầu tư vào công ty con__1,,,,,,,,,,,,,,,,,,,,,
. Tiền chi gửi ngắn hạn__1,,,,,,,,,,,,,,,,,,,,,
. Tiền thu lãi từ gửi ngắn hạn__1,,,,,,,,,,,,,,,,,,,,,
. Tiền chi mua tài sản khác__1,,,,,,,,,,,,,,,,,,,,,
. Giảm tiền gửi ngân hàng có kỳ hạn__1,,,,,,,,,,,,,,,,,,,,,
. Tiền chi để mua thêm cổ phần của công ty con__1,,,,,,,,,,,,,,,,,,,,,
". Tiền thu từ các khoản ký gửi, ký quỹ dài hạn__1",,,,,,,,,,,,,,,,,,,,,
. Tiền gửi ngắn hạn__1,,,,,,,,,,,,,,,,,,,,,
. Rút tiền gửi ngắn hạn__1,,,,,,,,,,,,,,,,,,,,,
. Tiền thu từ chuyển quyền góp vốn vào dự án__1,,,,,,,,,,,,,,,,,,,,,
Lưu chuyển tiền thuần từ hoạt động đầu tư__1,,-1984339878.0,-4295825916.0,-1080680569.0,-5442222151.0,,,,,,,,,,,,,,,,
III. LƯU CHUYỂN TIỀN TỪ HOẠT ĐỘNG TÀI CHÍNH__1,,,,,,,,,,,,,,,,,,,,,
"Tiền thu từ phát hành cổ phiếu, nhận góp vốn của chủ sở hữu__1",,,,,,,,,,,,,,,,,,,,,
"Tiền chi trả vốn góp cho các chủ sở hữu, mua lại cổ phiếu của doanh nghiệp của doanh nghiệp đã phát hành__1",,,,,,,,,,,,,,,,,,,,,
Tiền thu từ nhận góp vốn liên doanh__1,,,,,,,,,,,,,,,,,,,,,
"Tiền vay ngắn hạn, dài hạn nhận được__1",,149631329235.0,165653041532.0,220602671869.0,291107547523.0,,,,,,,,,,,,,,,,
Tiền chi trả nợ gốc vay__1,,-151513528817.0,-157871795028.0,-231529896991.0,-298694628201.0,,,,,,,,,,,,,,,,
Tiền chi trả nợ thuê tài chính__1,,,,,,,,,,,,,,,,,,,,,
Tiền chi cho đầu tư ngắn hạn__1,,,,,,,,,,,,,,,,,,,,,
"Cổ tức, lợi nhuận đã trả cho chủ sở hữu__1",,,,,-2281205660.0,,,,,,,,,,,,,,,,
"Cổ tức, lợi nhuận đã trả cho cổ đông thiểu số__1",,,,,,,,,,,,,,,,,,,,,
Nhận vốn góp của cổ đông thiểu số__1,,,,,,,,,,,,,,,,,,,,,
Chi khác từ lợi nhuận chưa phân phối__1,,,,,,,,,,,,,,,,,,,,,
Tiền thu từ lãi tiền gửi__1,,,,,,,,,,,,,,,,,,,,,
Lưu chuyển tiền thuần từ/(sử dụng vào) hoạt động tài chính__1,,-1882199582.0,7781246504.0,-10927225122.0,-9868286338.0,,,,,,,,,,,,,,,,
Lưu chuyển tiền thuần trong năm__1,,10149068084.0,3071787554.0,-6280388557.0,6474050575.0,,,,,,,,,,,,,,,,
Tiền và tương đương tiền đầu năm__1,,4274676048.0,1141306593.0,7362877211.0,911255127.0,,,,,,,,,,,,,,,,
Ảnh hưởng của thay đổi tỷ giá hối đoái quy đổi ngoại tệ__1,,26143389.0,61581901.0,58817939.0,-22428491.0,,,,,,,,,,,,,,,,
Chênh lệch tỷ giá chuyển đối báo cáo tài chính__1,,,,,,,,,,,,,,,,,,,,,
Tiền và tương đương tiền cuối năm__1,,14449887521.0,4274676048.0,1141306593.0,7362877211.0,,,,,,,,,,,,,,,,
I. Lưu chuyển tiền từ hoạt động kinh doanh__1,,,,,,,,,,,,,,,,,,,,,
". Tiền thu từ bán hàng, cung cấp dịch vụ và doanh thu khác__1",,,,,,,,,,,,,,,,,,,,,
. Tiền chi trả cho người cung cấp hàng hóa và dịch vụ__1,,,,,,,,,,,,,,,,,,,,,
. Tiền chi trả cho người lao động__1,,,,,,,,,,,,,,,,,,,,,
. Tiền chi trả lãi vay__1,,,,,,,,,,,,,,,,,,,,,
. Tiền chi nộp thuế thu nhập doanh nghiệp__1,,,,,,,,,,,,,,,,,,,,,
. Tiền thu khác từ hoạt động kinh doanh__1,,,,,,,,,,,,,,,,,,,,,
. Tiền chi khác cho hoạt động kinh doanh__1,,,,,,,,,,,,,,,,,,,,,
Lưu chuyển tiền thuần từ hoạt động kinh doanh__1,,,,,,,,,,,,,,,,,,,,,
II. LƯU CHUYỂN TIỀN TỪ HOẠT ĐỘNG ĐẦU TƯ__1,,,,,,,,,,,,,,,,,,,,,
"Tiền chi để mua sắm, xây dựng tài sản cố định__1",,,,,,,,,,,,,,,,,,,,,
"Tiền thu do thanh lý, nhượng bán TSCĐ và các tài sản dài hạn khác__1",,,,,,,,,,,,,,,,,,,,,
"Tiền chi cho vay, mua các công cụ nợ của đơn vị khác__1",,,,,,,,,,,,,,,,,,,,,
"Tiền thu hồi cho vay, bán lại công cụ nợ của đơn vị khác__1",,,,,,,,,,,,,,,,,,,,,
Tiền chi đầu tư góp vốn vào đơn vị khác__1,,,,,,,,,,,,,,,,,,,,,
Tiền thu do bán các khoản đầu tư góp vốn vào đơn vị khác__1,,,,,,,,,,,,,,,,,,,,,
"Tiền thu lãi cho vay, cổ tức và lợi nhuận được chia__1",,,,,,,,,,,,,,,,,,,,,
Tiền đầu tư xây dựng nhà xưởng__1,,,,,,,,,,,,,,,,,,,,,
. Tăng lợi ích của cổ đông thiếu số khi hợp nhất công ty con__1,,,,,,,,,,,,,,,,,,,,,
. Loại trừ lợi ích của cổ đông thiểu số khi thanh lý công ty con__1,,,,,,,,,,,,,,,,,,,,,
. Tiền mặt tại công ty con mua trong năm__1,,,,,,,,,,,,,,,,,,,,,
. Tiền thu do nhượng bán các khoản đầu tư vào công ty con__1,,,,,,,,,,,,,,,,,,,,,
. Tiền chi gửi ngắn hạn__1,,,,,,,,,,,,,,,,,,,,,
. Tiền thu lãi từ gửi ngắn hạn__1,,,,,,,,,,,,,,,,,,,,,
. Tiền chi mua tài sản khác__1,,,,,,,,,,,,,,,,,,,,,
. Giảm tiền gửi ngân hàng có kỳ hạn__1,,,,,,,,,,,,,,,,,,,,,
. Tiền chi để mua thêm cổ phần của công ty con__1,,,,,,,,,,,,,,,,,,,,,
". Tiền thu từ các khoản ký gửi, ký quỹ dài hạn__1",,,,,,,,,,,,,,,,,,,,,
. Tiền gửi ngắn hạn__1,,,,,,,,,,,,,,,,,,,,,
. Rút tiền gửi ngắn hạn__1,,,,,,,,,,,,,,,,,,,,,
. Tiền thu từ chuyển quyền góp vốn vào dự án__1,,,,,,,,,,,,,,,,,,,,,
Lưu chuyển tiền thuần từ hoạt động đầu tư__1,,,,,,,,,,,,,,,,,,,,,
III. LƯU CHUYỂN TIỀN TỪ HOẠT ĐỘNG TÀI CHÍNH__1,,,,,,,,,,,,,,,,,,,,,
"Tiền thu từ phát hành cổ phiếu, nhận góp vốn của chủ sở hữu__1",,,,,,,,,,,,,,,,,,,,,
"Tiền chi trả vốn góp cho các chủ sở hữu, mua lại cổ phiếu của doanh nghiệp của doanh nghiệp đã phát hành__1",,,,,,,,,,,,,,,,,,,,,
Tiền thu từ nhận góp vốn liên doanh__1,,,,,,,,,,,,,,,,,,,,,
"Tiền vay ngắn hạn, dài hạn nhận được__1",,,,,,,,,,,,,,,,,,,,,
Tiền chi trả nợ gốc vay__1,,,,,,,,,,,,,,,,,,,,,
Tiền chi trả nợ thuê tài chính__1,,,,,,,,,,,,,,,,,,,,,
Tiền chi cho đầu tư ngắn hạn__1,,,,,,,,,,,,,,,,,,,,,
"Cổ tức, lợi nhuận đã trả cho chủ sở hữu__1",,,,,,,,,,,,,,,,,,,,,
"Cổ tức, lợi nhuận đã trả cho cổ đông thiểu số__1",,,,,,,,,,,,,,,,,,,,,
Nhận vốn góp của cổ đông thiểu số__1,,,,,,,,,,,,,,,,,,,,,
Chi khác từ lợi nhuận chưa phân phối__1,,,,,,,,,,,,,,,,,,,,,
Tiền thu từ lãi tiền gửi__1,,,,,,,,,,,,,,,,,,,,,
Lưu chuyển tiền thuần từ/(sử dụng vào) hoạt động tài chính__1,,,,,,,,,,,,,,,,,,,,,
Lưu chuyển tiền thuần trong năm__1,,,,,,,,,,,,,,,,,,,,,
Tiền và tương đương tiền đầu năm__1,,,,,,,,,,,,,,,,,,,,,
Ảnh hưởng của thay đổi tỷ giá hối đoái quy đổi ngoại tệ__1,,,,,,,,,,,,,,,,,,,,,
Chênh lệch tỷ giá chuyển đối báo cáo tài chính__1,,,,,,,,,,,,,,,,,,,,,
Tiền và tương đương tiền cuối năm__1,,,,,,,,,,,,,,,,,,,,,
